time,subj_course_id,sec_code,sec_id,prof,available,waitlist,total,enrolled_ct
1655630983494,COGS 200,A01,087991,Staff,44,0,50,6
1655630984060,COGS 201,A01,094504,Rangel; Lara M,16,0,25,9
1655630984585,COGS 203,A00,087992,Coulson; Seana M,15,0,20,5
1655630985116,COGS 210A,001,087993,Greene; Deanna Jacquelyn,9998,0,9999,1
1655630985116,COGS 210A,002,087994,Saygin; Ayse P,9999,0,9999,0
1655630985116,COGS 210A,003,087995,Xia; Haijun,9997,0,9999,2
1655630985116,COGS 210A,004,087996,Nitz; Douglas A.,9999,0,9999,0
1655630985116,COGS 210A,005,087997,Hollan; James D.,9999,0,9999,0
1655630985116,COGS 210A,006,087998,Deak; Gedeon O.,9998,0,9999,1
1655630985116,COGS 210A,007,087999,Rossano; Federico,9999,0,9999,0
1655630985640,COGS 211A,A00,088000,Coulson; Seana M,9995,0,9999,4
1655630986165,COGS 229,A00,088002,Staff,21,0,25,4
1655630986692,COGS 260,B00,094231,Staff,18,0,20,2
1655630986692,COGS 260,A00,088004,Nitz; Douglas A.,9998,0,9999,1
1655630987218,CSE 202,A00,090110,Paturi; Ramamohan,0,65,0,0
1655630987218,CSE 202,B00,090111,Paturi; Ramamohan,0,39,0,0
1655630987744,CSE 207B,A00,090112,Heninger; Nadia A,0,15,0,0
1655630989378,CSE 210,A00,090113,Powell; Thomas Allan,0,78,0,0
1655630989905,CSE 219,A00,090898,Staff,5,0,10,5
1655630990445,CSE 221,A00,090114,Zhou; Yuan-Yuan,0,86,0,0
1655630990972,CSE 229A,A00,090115,Porter; George M,0,10,0,0
1655630991500,CSE 229C,A00,090116,Savage; Stefan,0,14,0,0
1655630992027,CSE 230,A00,090117,Jhala; Ranjit,0,71,0,0
1655630992557,CSE 232,A00,090118,Papakonstantinou; Yannis,0,78,0,0
1655630993086,CSE 239A,A00,090121,Kumar; Arun Kumar,0,8,0,0
1655630993609,CSE 239B,A00,090122,Jhala; Ranjit,0,3,0,0
1655630994140,CSE 240A,B00,095705,Zhao; Jishen,0,141,0,0
1655630994668,CSE 243A,B00,095706,Orailoglu; Alex,0,12,0,0
1655630995198,CSE 249B,B00,095707,Kahng; Andrew Byun,0,1,0,0
1655630995721,CSE 250A,A00,090126,Berg-Kirkpatrick; Taylor D,0,241,0,0
1655630996253,CSE 252A,A00,090127,Ochoa; Benjamin Lawrence,0,129,0,0
1655630996778,CSE 258,A01,090129,McAuley; Julian John,0,188,0,0
1655630997305,CSE 258R,A01,090131,McAuley; Julian John,0,86,0,0
1655630997829,CSE 260,A01,095676,Staff,0,37,0,0
1655630998373,CSE 274,A00,090132,Ramamoorthi; Ravi,0,15,0,0
1655630998896,CSE 276A,A00,090133,Christensen; Henrik I,0,107,0,0
1655630999513,CSE 276C,A00,090134,Christensen; Henrik I,0,34,0,0
1655631000047,CSE 290,A00,090135,Bafna; Vineet,0,0,0,0
1655631000047,CSE 290,B00,090136,Ramamoorthi; Ravi,0,4,0,0
1655631000047,CSE 290,C00,090137,Li; Tzumao,3,0,10,7
1655631000047,CSE 290,D00,090138,Zhou; Yuan-Yuan,5,0,10,5
1655631000047,CSE 290,E00,090139,Christensen; Henrik I,4,0,10,6
1655631000047,CSE 290,F00,094053,Shalev; Aaron D,0,2,0,0
1655631000047,CSE 290,H00,095721,Tullsen; Dean Michael,9,0,10,1
1655631000047,CSE 290,G00,095640,Orailoglu; Alex,0,1,0,0
1655631000590,CSE 291,A00,090140,Munyaka; Imani N. S.,0,8,0,0
1655631000590,CSE 291,B00,094880,Yu; Qi,0,45,0,0
1655631000590,CSE 291,C00,090142,Pannuto; Patrick William,0,8,0,0
1655631000590,CSE 291,D00,094881,Zhang; Yiying,0,34,0,0
1655631000590,CSE 291,E00,095118,Su; Hao,0,45,0,0
1655631000590,CSE 291,F00,095722,Tullsen; Dean Michael,0,9,0,0
1655631001131,CSE 293,001,094905,Bafna; Vineet,9999,0,9999,0
1655631001131,CSE 293,002,094906,Bellare; Mihir,9999,0,9999,0
1655631001131,CSE 293,003,094907,Berg-Kirkpatrick; Taylor D,9999,0,9999,0
1655631001131,CSE 293,004,094908,Christensen; Henrik I,9999,0,9999,0
1655631001131,CSE 293,005,094909,Cottrell; Garrison W,9998,0,9999,1
1655631001131,CSE 293,006,094910,Deutsch; Alin Bernard,9999,0,9999,0
1655631001131,CSE 293,007,094911,Esmaeilzadeh; Hadi,9999,0,9999,0
1655631001131,CSE 293,008,094912,Freund; Yoav,9998,0,9999,1
1655631001131,CSE 293,009,094913,Griswold; William G.,9999,0,9999,0
1655631001131,CSE 293,010,094914,Gymrek; Melissa Ann,9998,0,9999,1
1655631001131,CSE 293,011,094915,Heninger; Nadia A,9999,0,9999,0
1655631001131,CSE 293,012,094916,Impagliazzo; Russell,9999,0,9999,0
1655631001131,CSE 293,013,094917,Jhala; Ranjit,9999,0,9999,0
1655631001131,CSE 293,014,094918,Kahng; Andrew Byun,9999,0,9999,0
1655631001131,CSE 293,015,094919,Kane; Daniel Mertz,9999,0,9999,0
1655631001131,CSE 293,016,094920,Kriegman; David J,9999,0,9999,0
1655631001131,CSE 293,017,094921,Kumar; Arun Kumar,9999,0,9999,0
1655631001131,CSE 293,018,094922,Lerner; Sorin,9999,0,9999,0
1655631001131,CSE 293,019,094923,Lovett; Shachar,9999,0,9999,0
1655631001131,CSE 293,020,094924,McAuley; Julian John,9999,0,9999,0
1655631001131,CSE 293,021,094925,Micciancio; Daniele,9999,0,9999,0
1655631001131,CSE 293,022,094926,Orailoglu; Alex,9999,0,9999,0
1655631001131,CSE 293,023,094927,Paturi; Ramamohan,9999,0,9999,0
1655631001131,CSE 293,024,094928,Polikarpova; Nadezhda,9999,0,9999,0
1655631001131,CSE 293,025,094929,Politz; Joseph Gibbs,9999,0,9999,0
1655631001131,CSE 293,026,094930,Porter; George M,9999,0,9999,0
1655631001131,CSE 293,027,094931,Porter; Leonard Emerson,9999,0,9999,0
1655631001131,CSE 293,028,094932,Ramamoorthi; Ravi,9999,0,9999,0
1655631001131,CSE 293,029,094933,Sahoo; Debashis,9999,0,9999,0
1655631001131,CSE 293,030,094934,Saul; Lawrence,9999,0,9999,0
1655631001131,CSE 293,031,094935,Savage; Stefan,9999,0,9999,0
1655631001131,CSE 293,032,094936,Schulze; Jurgen P.,9999,0,9999,0
1655631001131,CSE 293,033,094937,Snoeren; Alex C.,9999,0,9999,0
1655631001131,CSE 293,034,094938,Shang; Jingbo,9999,0,9999,0
1655631001131,CSE 293,035,094939,Stefan; Deian,9999,0,9999,0
1655631001131,CSE 293,036,094940,Su; Hao,9999,0,9999,0
1655631001131,CSE 293,037,094941,Swanson; Steven James,9999,0,9999,0
1655631001131,CSE 293,038,094942,Tullsen; Dean Michael,9999,0,9999,0
1655631001131,CSE 293,039,094943,Voelker; Geoffrey M.,9999,0,9999,0
1655631001131,CSE 293,040,094944,Zhao; Jishen,9999,0,9999,0
1655631001131,CSE 293,041,094945,Zhou; Yuan-Yuan,9999,0,9999,0
1655631001131,CSE 293,042,094946,Gao; Sicun,9998,0,9999,1
1655631001131,CSE 293,043,094947,Weibel; Nadir,9999,0,9999,0
1655631001131,CSE 293,044,094948,Gupta; Rajesh K.,9999,0,9999,0
1655631001655,CSE 294,A00,090143,Porter; George M,7,0,10,3
1655631002182,DSE 200,A00,091799,Staff,50,0,50,0
1655631002705,DSE 203,A00,091800,Gupta; Amarnath,30,0,30,0
1655631003227,DSE 250,A00,091801,Deutsch; Alin Bernard,30,0,30,0
1655631003755,DSE 290,A00,091802,Altintas De Callaf; Ilkay,50,0,50,0
1655631004363,ECE 200,001,091003,Antipa; Nicholas A,9998,0,9999,1
1655631004363,ECE 200,002,091004,Atanasov; Nikolay A.,9999,0,9999,0
1655631004363,ECE 200,003,091005,Bharadia; Dinesh,9999,0,9999,0
1655631004363,ECE 200,004,091006,Cheng; Chung Kuan,9999,0,9999,0
1655631004363,ECE 200,005,091007,Cosman; Pamela C.,9998,0,9999,1
1655631004363,ECE 200,006,091008,Staff,9999,0,9999,0
1655631004363,ECE 200,007,091009,Dayeh; Shadi Ahmad,9999,0,9999,0
1655631004363,ECE 200,008,091010,Fainman; Yeshaiahu,9999,0,9999,0
1655631004363,ECE 200,009,091011,Ford; Joseph Earl,9999,0,9999,0
1655631004363,ECE 200,010,091012,Franceschetti; Massimo,9999,0,9999,0
1655631004363,ECE 200,011,091013,Fullerton; Eric E,9999,0,9999,0
1655631004363,ECE 200,012,091014,Galton; Ian A,9999,0,9999,0
1655631004363,ECE 200,013,091015,Gilja; Vikash,9999,0,9999,0
1655631004363,ECE 200,014,091016,Hall; Drew A.,9999,0,9999,0
1655631004363,ECE 200,015,091017,Hsueh; Tzu-Chien,9999,0,9999,0
1655631004363,ECE 200,016,091018,Javidi; Tara,9999,0,9999,0
1655631004363,ECE 200,017,091019,Kahng; Andrew Byun,9999,0,9999,0
1655631004363,ECE 200,018,091020,Kim; Young-Han,9999,0,9999,0
1655631004363,ECE 200,019,091021,Koushanfar; Farinaz,9999,0,9999,0
1655631004363,ECE 200,020,091022,Kuzum; Duygu,9999,0,9999,0
1655631004363,ECE 200,021,091023,Le; Hanh-Phuc,9999,0,9999,0
1655631004363,ECE 200,022,091024,Lin; Bill,9999,0,9999,0
1655631004363,ECE 200,023,091025,Liu; Zhaowei,9998,0,9999,1
1655631004363,ECE 200,024,091026,Lo; Yu-Hwa,9999,0,9999,0
1655631004363,ECE 200,025,091027,Lomakin; Vitaliy,9999,0,9999,0
1655631004363,ECE 200,026,091028,Mercier; Patrick Philip,9999,0,9999,0
1655631004363,ECE 200,027,091029,Meyer; Florian,9999,0,9999,0
1655631004363,ECE 200,028,091030,Milstein; Laurence B.,9999,0,9999,0
1655631004363,ECE 200,029,091031,Mir Arabbaygi; Siavash,9999,0,9999,0
1655631004363,ECE 200,030,091032,Mookherjea; Shayan,9999,0,9999,0
1655631004363,ECE 200,031,091033,Morris; Karcher William,9999,0,9999,0
1655631004363,ECE 200,032,091034,Ng; Tse Nga,9999,0,9999,0
1655631004363,ECE 200,033,091035,Nguyen; Truong Quang,9999,0,9999,0
1655631004363,ECE 200,034,091036,Nomura; Kenji,9999,0,9999,0
1655631004363,ECE 200,035,091037,Orlitsky; Alon,9999,0,9999,0
1655631004363,ECE 200,036,091038,Pal; Piya,9999,0,9999,0
1655631004363,ECE 200,037,091039,Papen; George C.,9999,0,9999,0
1655631004363,ECE 200,038,091040,Radic; Stojan,9999,0,9999,0
1655631004363,ECE 200,039,091041,Rao; Bhaskar D.,9999,0,9999,0
1655631004363,ECE 200,040,091042,Rao; Ramesh R,9999,0,9999,0
1655631004363,ECE 200,041,091043,Rebeiz; Gabriel,9999,0,9999,0
1655631004363,ECE 200,042,091044,Sanford; John R,9999,0,9999,0
1655631004363,ECE 200,043,091045,Siegel; Paul H.,9999,0,9999,0
1655631004363,ECE 200,044,091046,Sievenpiper; Daniel F.,9999,0,9999,0
1655631004363,ECE 200,045,091047,Sworder; David D.,9999,0,9999,0
1655631004363,ECE 200,046,091048,Taur; Yuan,9999,0,9999,0
1655631004363,ECE 200,047,091049,Touri; Behrouz,9999,0,9999,0
1655631004363,ECE 200,048,091050,Trivedi; Mohan M.,9998,0,9999,1
1655631004363,ECE 200,049,091051,Vardy; Alexander,9999,0,9999,0
1655631004363,ECE 200,050,091052,Vasconcelos; Nuno,9999,0,9999,0
1655631004363,ECE 200,051,091053,Wang; Xiaolong,9999,0,9999,0
1655631004363,ECE 200,052,091054,Xie; Pengtao,9999,0,9999,0
1655631004363,ECE 200,053,091055,Yip; Michael,9999,0,9999,0
1655631004363,ECE 200,054,091056,Zeger; Kenneth A.,9999,0,9999,0
1655631004363,ECE 200,055,091057,Zhang; Xinyu,9999,0,9999,0
1655631004363,ECE 200,056,091058,Turakhia; Yatish Girish,9999,0,9999,0
1655631004363,ECE 200,057,091059,Kang; Mingu,9999,0,9999,0
1655631004363,ECE 200,058,091060,Shi; Yuanyuan,9999,0,9999,0
1655631004363,ECE 200,059,091061,Wang; Edward Jay,9999,0,9999,0
1655631004363,ECE 200,060,091062,Zheng; Yang,9999,0,9999,0
1655631004893,ECE 201,A00,095526,Lo; Yu-Hwa,0,23,0,50
1655631005425,ECE 203,A00,091065,Mercier; Patrick Philip,0,38,0,38
1655631005951,ECE 207A,A00,091605,Liu; Thomas Tao-Ming,0,6,0,13
1655631006479,ECE 212AN,A00,091068,Nomura; Kenji,0,6,0,13
1655631007005,ECE 222A,A00,091069,Rebeiz; Gabriel,0,13,0,37
1655631007533,ECE 225A,A00,091070,Orlitsky; Alon,0,25,0,173
1655631008057,ECE 230A,A00,091071,Nomura; Kenji,0,8,0,20
1655631008585,ECE 236A,A00,091072,Dayeh; Shadi Ahmad,0,0,0,4
1655631009109,ECE 238A,A00,091073,Luo; Jian,0,0,0,0
1655631009109,ECE 238A,B00,091074,Luo; Jian,0,0,0,1
1655631009636,ECE 240A,A00,091075,Radic; Stojan,0,6,0,13
1655631010160,ECE 247A,A00,091592,Shi; Lingyan,0,10,0,3
1655631010688,ECE 250,A00,091076,Touri; Behrouz,0,15,0,65
1655631011211,ECE 251C,A00,091078,Nguyen; Truong Quang,0,30,0,56
1655631011737,ECE 253,A00,091079,Cosman; Pamela C.,0,22,0,139
1655631012261,ECE 255A,A00,091080,Orlitsky; Alon,0,35,0,39
1655631012786,ECE 257A,A00,091081,Zhang; Xinyu,0,23,0,43
1655631013314,ECE 260A,A01,091084,Eldon; John,0,14,0,115
1655631013839,ECE 264C,A00,091085,Galton; Ian A,0,2,0,38
1655631014363,ECE 265C,A00,094889,Presti; Calogero Davide,0,2,0,32
1655631014888,ECE 266,A01,091087,Hall; Drew A.,0,12,0,35
1655631015934,ECE 271A,A00,091090,Vasconcelos; Nuno,0,53,0,218
1655631016456,ECE 272B,A00,091091,Sworder; David D.,0,1,0,2
1655631016985,ECE 275A,A00,091092,Meyer; Florian,0,85,0,34
1655631017509,ECE 277,A00,091093,An; Cheolhong,0,94,0,42
1655631018034,ECE 283,A00,091094,Le; Hanh-Phuc,0,11,0,34
1655631018560,ECE 284,A00,091095,Kang; Mingu,0,56,0,35
1655631018560,ECE 284,B00,091096,Wang; Edward Jay,0,3,0,11
1655631019087,ECE 285,A00,094334,Touri; Behrouz,0,7,0,18
1655631019615,ECE 289,A00,091097,Whelan; David Arthur,0,4,0,9
1655631020142,MATH 200A,A00,087414,Salehi Golsefidy; Alireza,0,0,8,8
1655631020667,MATH 202A,A00,087415,Gill; Philip E.,0,5,8,8
1655631021197,MATH 203A,A00,087416,Oprea; Dragos N.,4,0,8,4
1655631021724,MATH 204A,A00,087417,Kedlaya; Kiran S.,1,0,8,7
1655631022248,MATH 205,A00,087418,Sorensen; Claus M,4,0,8,4
1655631022780,MATH 206A,A00,087419,Izadi; Elham,5,0,8,3
1655631023310,MATH 207A,A00,087420,Mohammadi; Amir,5,0,8,3
1655631023834,MATH 208,A00,087421,Staff,7,0,10,3
1655631024357,MATH 209,A00,087422,Staff,7,0,10,3
1655631024896,MATH 218,A00,087423,Staff,10,0,10,0
1655631025420,MATH 220A,A00,087424,Novak; Jonathan I,0,3,8,8
1655631025950,MATH 231A,A00,087425,Bejenaru; Ioan,0,0,8,8
1655631026473,MATH 240A,A00,087426,Ebenfelt; Peter F,0,0,8,9
1655631026996,MATH 243,A00,087427,Staff,8,0,10,2
1655631027527,MATH 248,A00,087429,Staff,9,0,10,1
1655631028052,MATH 250A,A00,087430,Spolaor; Luca,2,0,8,6
1655631028575,MATH 257A,A00,087431,Spolaor; Luca,7,0,8,1
1655631029101,MATH 258,A00,087432,Staff,8,0,10,2
1655631029634,MATH 264A,A00,087433,Warnke; Lutz Peter,0,1,8,8
1655631030158,MATH 268,A00,087434,Staff,15,0,15,0
1655631030685,MATH 269,A00,087435,Staff,14,0,15,1
1655631031211,MATH 270A,A00,087436,Nie; Jiawang,0,5,8,8
1655631031735,MATH 272A,B00,095630,Tian; Xiaochuan,0,3,0,8
1655631032267,MATH 274,A01,087439,Cheng; Li-Tien,7,0,10,3
1655631032267,MATH 274,A02,087440,Cheng; Li-Tien,10,0,10,0
1655631032790,MATH 278A,A00,087441,Staff,8,0,10,2
1655631033313,MATH 278B,A00,087442,Staff,8,0,10,2
1655631033840,MATH 278C,A00,087443,Staff,6,0,10,4
1655631034364,MATH 280A,A00,087444,Zheng; Tianyi,0,12,8,12
1655631034889,MATH 281A,A00,087445,Bradic; Jelena,0,7,8,8
1655631035418,MATH 282A,A00,087446,Zhang; Danna,0,24,8,9
1655631035948,MATH 283,A00,087447,Tesler; Glenn,0,13,0,27
1655631036474,MATH 286,C00,095734,Kemp; Todd Aahron,0,2,8,8
1655631037002,MATH 287D,B00,095536,Bradic; Jelena,0,6,8,8
1655631037524,MATH 288,A00,087450,Staff,14,0,15,1
1655631037524,MATH 288,B00,087451,Staff,14,0,15,1
1655631037524,MATH 288,C00,087452,Staff,15,0,15,0
1655631038050,MATH 290A,A00,087453,Xu; Zhouli,0,0,8,8
1655631038574,MATH 291A,A00,087454,Xu; Zhouli,4,0,8,4
1655631039097,MATH 292,A00,087455,Staff,7,0,10,3
1655631039624,MATH 295,A00,087456,Staff,49,0,50,1
1655631040148,MATH 297,001,087457,Staff,992,0,999,7
1655631614267,COGS 200,A01,087991,Staff,44,0,50,6
1655631614792,COGS 201,A01,094504,Rangel; Lara M,16,0,25,9
1655631615321,COGS 203,A00,087992,Coulson; Seana M,15,0,20,5
1655631615859,COGS 210A,001,087993,Greene; Deanna Jacquelyn,9998,0,9999,1
1655631615859,COGS 210A,002,087994,Saygin; Ayse P,9999,0,9999,0
1655631615859,COGS 210A,003,087995,Xia; Haijun,9997,0,9999,2
1655631615859,COGS 210A,004,087996,Nitz; Douglas A.,9999,0,9999,0
1655631615859,COGS 210A,005,087997,Hollan; James D.,9999,0,9999,0
1655631615859,COGS 210A,006,087998,Deak; Gedeon O.,9998,0,9999,1
1655631615859,COGS 210A,007,087999,Rossano; Federico,9999,0,9999,0
1655631616387,COGS 211A,A00,088000,Coulson; Seana M,9995,0,9999,4
1655631616914,COGS 229,A00,088002,Staff,21,0,25,4
1655631617439,COGS 260,B00,094231,Staff,18,0,20,2
1655631617439,COGS 260,A00,088004,Nitz; Douglas A.,9998,0,9999,1
1655631617965,CSE 202,A00,090110,Paturi; Ramamohan,0,65,0,0
1655631617965,CSE 202,B00,090111,Paturi; Ramamohan,0,39,0,0
1655631618489,CSE 207B,A00,090112,Heninger; Nadia A,0,15,0,0
1655631620062,CSE 210,A00,090113,Powell; Thomas Allan,0,78,0,0
1655631620590,CSE 219,A00,090898,Staff,5,0,10,5
1655631621121,CSE 221,A00,090114,Zhou; Yuan-Yuan,0,86,0,0
1655631621647,CSE 229A,A00,090115,Porter; George M,0,10,0,0
1655631622171,CSE 229C,A00,090116,Savage; Stefan,0,14,0,0
1655631622695,CSE 230,A00,090117,Jhala; Ranjit,0,71,0,0
1655631623223,CSE 232,A00,090118,Papakonstantinou; Yannis,0,78,0,0
1655631623747,CSE 239A,A00,090121,Kumar; Arun Kumar,0,8,0,0
1655631624274,CSE 239B,A00,090122,Jhala; Ranjit,0,3,0,0
1655631624800,CSE 240A,B00,095705,Zhao; Jishen,0,141,0,0
1655631625330,CSE 243A,B00,095706,Orailoglu; Alex,0,12,0,0
1655631625875,CSE 249B,B00,095707,Kahng; Andrew Byun,0,1,0,0
1655631626404,CSE 250A,A00,090126,Berg-Kirkpatrick; Taylor D,0,241,0,0
1655631626935,CSE 252A,A00,090127,Ochoa; Benjamin Lawrence,0,129,0,0
1655631627458,CSE 258,A01,090129,McAuley; Julian John,0,188,0,0
1655631627985,CSE 258R,A01,090131,McAuley; Julian John,0,86,0,0
1655631628508,CSE 260,A01,095676,Staff,0,37,0,0
1655631629031,CSE 274,A00,090132,Ramamoorthi; Ravi,0,15,0,0
1655631629554,CSE 276A,A00,090133,Christensen; Henrik I,0,107,0,0
1655631630078,CSE 276C,A00,090134,Christensen; Henrik I,0,34,0,0
1655631630612,CSE 290,A00,090135,Bafna; Vineet,0,0,0,0
1655631630612,CSE 290,B00,090136,Ramamoorthi; Ravi,0,4,0,0
1655631630612,CSE 290,C00,090137,Li; Tzumao,3,0,10,7
1655631630612,CSE 290,D00,090138,Zhou; Yuan-Yuan,5,0,10,5
1655631630612,CSE 290,E00,090139,Christensen; Henrik I,4,0,10,6
1655631630612,CSE 290,F00,094053,Shalev; Aaron D,0,2,0,0
1655631630612,CSE 290,H00,095721,Tullsen; Dean Michael,9,0,10,1
1655631630612,CSE 290,G00,095640,Orailoglu; Alex,0,1,0,0
1655631631161,CSE 291,A00,090140,Munyaka; Imani N. S.,0,8,0,0
1655631631161,CSE 291,B00,094880,Yu; Qi,0,45,0,0
1655631631161,CSE 291,C00,090142,Pannuto; Patrick William,0,8,0,0
1655631631161,CSE 291,D00,094881,Zhang; Yiying,0,34,0,0
1655631631161,CSE 291,E00,095118,Su; Hao,0,45,0,0
1655631631161,CSE 291,F00,095722,Tullsen; Dean Michael,0,9,0,0
1655631631703,CSE 293,001,094905,Bafna; Vineet,9999,0,9999,0
1655631631703,CSE 293,002,094906,Bellare; Mihir,9999,0,9999,0
1655631631703,CSE 293,003,094907,Berg-Kirkpatrick; Taylor D,9999,0,9999,0
1655631631703,CSE 293,004,094908,Christensen; Henrik I,9999,0,9999,0
1655631631703,CSE 293,005,094909,Cottrell; Garrison W,9998,0,9999,1
1655631631703,CSE 293,006,094910,Deutsch; Alin Bernard,9999,0,9999,0
1655631631703,CSE 293,007,094911,Esmaeilzadeh; Hadi,9999,0,9999,0
1655631631703,CSE 293,008,094912,Freund; Yoav,9998,0,9999,1
1655631631703,CSE 293,009,094913,Griswold; William G.,9999,0,9999,0
1655631631703,CSE 293,010,094914,Gymrek; Melissa Ann,9998,0,9999,1
1655631631703,CSE 293,011,094915,Heninger; Nadia A,9999,0,9999,0
1655631631703,CSE 293,012,094916,Impagliazzo; Russell,9999,0,9999,0
1655631631703,CSE 293,013,094917,Jhala; Ranjit,9999,0,9999,0
1655631631703,CSE 293,014,094918,Kahng; Andrew Byun,9999,0,9999,0
1655631631703,CSE 293,015,094919,Kane; Daniel Mertz,9999,0,9999,0
1655631631703,CSE 293,016,094920,Kriegman; David J,9999,0,9999,0
1655631631703,CSE 293,017,094921,Kumar; Arun Kumar,9999,0,9999,0
1655631631703,CSE 293,018,094922,Lerner; Sorin,9999,0,9999,0
1655631631703,CSE 293,019,094923,Lovett; Shachar,9999,0,9999,0
1655631631703,CSE 293,020,094924,McAuley; Julian John,9999,0,9999,0
1655631631703,CSE 293,021,094925,Micciancio; Daniele,9999,0,9999,0
1655631631703,CSE 293,022,094926,Orailoglu; Alex,9999,0,9999,0
1655631631703,CSE 293,023,094927,Paturi; Ramamohan,9999,0,9999,0
1655631631703,CSE 293,024,094928,Polikarpova; Nadezhda,9999,0,9999,0
1655631631703,CSE 293,025,094929,Politz; Joseph Gibbs,9999,0,9999,0
1655631631703,CSE 293,026,094930,Porter; George M,9999,0,9999,0
1655631631703,CSE 293,027,094931,Porter; Leonard Emerson,9999,0,9999,0
1655631631703,CSE 293,028,094932,Ramamoorthi; Ravi,9999,0,9999,0
1655631631703,CSE 293,029,094933,Sahoo; Debashis,9999,0,9999,0
1655631631703,CSE 293,030,094934,Saul; Lawrence,9999,0,9999,0
1655631631703,CSE 293,031,094935,Savage; Stefan,9999,0,9999,0
1655631631703,CSE 293,032,094936,Schulze; Jurgen P.,9999,0,9999,0
1655631631703,CSE 293,033,094937,Snoeren; Alex C.,9999,0,9999,0
1655631631703,CSE 293,034,094938,Shang; Jingbo,9999,0,9999,0
1655631631703,CSE 293,035,094939,Stefan; Deian,9999,0,9999,0
1655631631703,CSE 293,036,094940,Su; Hao,9999,0,9999,0
1655631631703,CSE 293,037,094941,Swanson; Steven James,9999,0,9999,0
1655631631703,CSE 293,038,094942,Tullsen; Dean Michael,9999,0,9999,0
1655631631703,CSE 293,039,094943,Voelker; Geoffrey M.,9999,0,9999,0
1655631631703,CSE 293,040,094944,Zhao; Jishen,9999,0,9999,0
1655631631703,CSE 293,041,094945,Zhou; Yuan-Yuan,9999,0,9999,0
1655631631703,CSE 293,042,094946,Gao; Sicun,9998,0,9999,1
1655631631703,CSE 293,043,094947,Weibel; Nadir,9999,0,9999,0
1655631631703,CSE 293,044,094948,Gupta; Rajesh K.,9999,0,9999,0
1655631632230,CSE 294,A00,090143,Porter; George M,7,0,10,3
1655631632754,DSE 200,A00,091799,Staff,50,0,50,0
1655631633279,DSE 203,A00,091800,Gupta; Amarnath,30,0,30,0
1655631633805,DSE 250,A00,091801,Deutsch; Alin Bernard,30,0,30,0
1655631634330,DSE 290,A00,091802,Altintas De Callaf; Ilkay,50,0,50,0
1655631634932,ECE 200,001,091003,Antipa; Nicholas A,9998,0,9999,1
1655631634932,ECE 200,002,091004,Atanasov; Nikolay A.,9999,0,9999,0
1655631634932,ECE 200,003,091005,Bharadia; Dinesh,9999,0,9999,0
1655631634932,ECE 200,004,091006,Cheng; Chung Kuan,9999,0,9999,0
1655631634932,ECE 200,005,091007,Cosman; Pamela C.,9998,0,9999,1
1655631634932,ECE 200,006,091008,Staff,9999,0,9999,0
1655631634932,ECE 200,007,091009,Dayeh; Shadi Ahmad,9999,0,9999,0
1655631634932,ECE 200,008,091010,Fainman; Yeshaiahu,9999,0,9999,0
1655631634932,ECE 200,009,091011,Ford; Joseph Earl,9999,0,9999,0
1655631634932,ECE 200,010,091012,Franceschetti; Massimo,9999,0,9999,0
1655631634932,ECE 200,011,091013,Fullerton; Eric E,9999,0,9999,0
1655631634932,ECE 200,012,091014,Galton; Ian A,9999,0,9999,0
1655631634932,ECE 200,013,091015,Gilja; Vikash,9999,0,9999,0
1655631634932,ECE 200,014,091016,Hall; Drew A.,9999,0,9999,0
1655631634932,ECE 200,015,091017,Hsueh; Tzu-Chien,9999,0,9999,0
1655631634932,ECE 200,016,091018,Javidi; Tara,9999,0,9999,0
1655631634932,ECE 200,017,091019,Kahng; Andrew Byun,9999,0,9999,0
1655631634932,ECE 200,018,091020,Kim; Young-Han,9999,0,9999,0
1655631634932,ECE 200,019,091021,Koushanfar; Farinaz,9999,0,9999,0
1655631634932,ECE 200,020,091022,Kuzum; Duygu,9999,0,9999,0
1655631634932,ECE 200,021,091023,Le; Hanh-Phuc,9999,0,9999,0
1655631634932,ECE 200,022,091024,Lin; Bill,9999,0,9999,0
1655631634932,ECE 200,023,091025,Liu; Zhaowei,9998,0,9999,1
1655631634932,ECE 200,024,091026,Lo; Yu-Hwa,9999,0,9999,0
1655631634932,ECE 200,025,091027,Lomakin; Vitaliy,9999,0,9999,0
1655631634932,ECE 200,026,091028,Mercier; Patrick Philip,9999,0,9999,0
1655631634932,ECE 200,027,091029,Meyer; Florian,9999,0,9999,0
1655631634932,ECE 200,028,091030,Milstein; Laurence B.,9999,0,9999,0
1655631634932,ECE 200,029,091031,Mir Arabbaygi; Siavash,9999,0,9999,0
1655631634932,ECE 200,030,091032,Mookherjea; Shayan,9999,0,9999,0
1655631634932,ECE 200,031,091033,Morris; Karcher William,9999,0,9999,0
1655631634932,ECE 200,032,091034,Ng; Tse Nga,9999,0,9999,0
1655631634932,ECE 200,033,091035,Nguyen; Truong Quang,9999,0,9999,0
1655631634932,ECE 200,034,091036,Nomura; Kenji,9999,0,9999,0
1655631634932,ECE 200,035,091037,Orlitsky; Alon,9999,0,9999,0
1655631634932,ECE 200,036,091038,Pal; Piya,9999,0,9999,0
1655631634932,ECE 200,037,091039,Papen; George C.,9999,0,9999,0
1655631634932,ECE 200,038,091040,Radic; Stojan,9999,0,9999,0
1655631634932,ECE 200,039,091041,Rao; Bhaskar D.,9999,0,9999,0
1655631634932,ECE 200,040,091042,Rao; Ramesh R,9999,0,9999,0
1655631634932,ECE 200,041,091043,Rebeiz; Gabriel,9999,0,9999,0
1655631634932,ECE 200,042,091044,Sanford; John R,9999,0,9999,0
1655631634932,ECE 200,043,091045,Siegel; Paul H.,9999,0,9999,0
1655631634932,ECE 200,044,091046,Sievenpiper; Daniel F.,9999,0,9999,0
1655631634932,ECE 200,045,091047,Sworder; David D.,9999,0,9999,0
1655631634932,ECE 200,046,091048,Taur; Yuan,9999,0,9999,0
1655631634932,ECE 200,047,091049,Touri; Behrouz,9999,0,9999,0
1655631634932,ECE 200,048,091050,Trivedi; Mohan M.,9998,0,9999,1
1655631634932,ECE 200,049,091051,Vardy; Alexander,9999,0,9999,0
1655631634932,ECE 200,050,091052,Vasconcelos; Nuno,9999,0,9999,0
1655631634932,ECE 200,051,091053,Wang; Xiaolong,9999,0,9999,0
1655631634932,ECE 200,052,091054,Xie; Pengtao,9999,0,9999,0
1655631634932,ECE 200,053,091055,Yip; Michael,9999,0,9999,0
1655631634932,ECE 200,054,091056,Zeger; Kenneth A.,9999,0,9999,0
1655631634932,ECE 200,055,091057,Zhang; Xinyu,9999,0,9999,0
1655631634932,ECE 200,056,091058,Turakhia; Yatish Girish,9999,0,9999,0
1655631634932,ECE 200,057,091059,Kang; Mingu,9999,0,9999,0
1655631634932,ECE 200,058,091060,Shi; Yuanyuan,9999,0,9999,0
1655631634932,ECE 200,059,091061,Wang; Edward Jay,9999,0,9999,0
1655631634932,ECE 200,060,091062,Zheng; Yang,9999,0,9999,0
1655631635462,ECE 201,A00,095526,Lo; Yu-Hwa,0,23,0,50
1655631635990,ECE 203,A00,091065,Mercier; Patrick Philip,0,38,0,38
1655631636521,ECE 207A,A00,091605,Liu; Thomas Tao-Ming,0,6,0,13
1655631637046,ECE 212AN,A00,091068,Nomura; Kenji,0,6,0,13
1655631637568,ECE 222A,A00,091069,Rebeiz; Gabriel,0,13,0,37
1655631638096,ECE 225A,A00,091070,Orlitsky; Alon,0,25,0,173
1655631638619,ECE 230A,A00,091071,Nomura; Kenji,0,8,0,20
1655631639147,ECE 236A,A00,091072,Dayeh; Shadi Ahmad,0,0,0,4
1655631639671,ECE 238A,A00,091073,Luo; Jian,0,0,0,0
1655631639671,ECE 238A,B00,091074,Luo; Jian,0,0,0,1
1655631640195,ECE 240A,A00,091075,Radic; Stojan,0,6,0,13
1655631640726,ECE 247A,A00,091592,Shi; Lingyan,0,10,0,3
1655631641249,ECE 250,A00,091076,Touri; Behrouz,0,15,0,65
1655631641776,ECE 251C,A00,091078,Nguyen; Truong Quang,0,30,0,56
1655631642304,ECE 253,A00,091079,Cosman; Pamela C.,0,22,0,139
1655631642829,ECE 255A,A00,091080,Orlitsky; Alon,0,35,0,39
1655631643364,ECE 257A,A00,091081,Zhang; Xinyu,0,23,0,43
1655631643959,ECE 260A,A01,091084,Eldon; John,0,14,0,115
1655631644488,ECE 264C,A00,091085,Galton; Ian A,0,2,0,38
1655631645013,ECE 265C,A00,094889,Presti; Calogero Davide,0,2,0,32
1655631645545,ECE 266,A01,091087,Hall; Drew A.,0,12,0,35
1655631646591,ECE 271A,A00,091090,Vasconcelos; Nuno,0,53,0,218
1655631647118,ECE 272B,A00,091091,Sworder; David D.,0,1,0,2
1655631647642,ECE 275A,A00,091092,Meyer; Florian,0,85,0,34
1655631648170,ECE 277,A00,091093,An; Cheolhong,0,94,0,42
1655631648694,ECE 283,A00,091094,Le; Hanh-Phuc,0,11,0,34
1655631649219,ECE 284,A00,091095,Kang; Mingu,0,56,0,35
1655631649219,ECE 284,B00,091096,Wang; Edward Jay,0,3,0,11
1655631649745,ECE 285,A00,094334,Touri; Behrouz,0,7,0,18
1655631650270,ECE 289,A00,091097,Whelan; David Arthur,0,4,0,9
1655631650799,MATH 200A,A00,087414,Salehi Golsefidy; Alireza,0,0,8,8
1655631651330,MATH 202A,A00,087415,Gill; Philip E.,0,5,8,8
1655631651857,MATH 203A,A00,087416,Oprea; Dragos N.,4,0,8,4
1655631652379,MATH 204A,A00,087417,Kedlaya; Kiran S.,1,0,8,7
1655631652907,MATH 205,A00,087418,Sorensen; Claus M,4,0,8,4
1655631653430,MATH 206A,A00,087419,Izadi; Elham,5,0,8,3
1655631653960,MATH 207A,A00,087420,Mohammadi; Amir,5,0,8,3
1655631654486,MATH 208,A00,087421,Staff,7,0,10,3
1655631655008,MATH 209,A00,087422,Staff,7,0,10,3
1655631655531,MATH 218,A00,087423,Staff,10,0,10,0
1655631656056,MATH 220A,A00,087424,Novak; Jonathan I,0,3,8,8
1655631656588,MATH 231A,A00,087425,Bejenaru; Ioan,0,0,8,8
1655631657116,MATH 240A,A00,087426,Ebenfelt; Peter F,0,0,8,9
1655631657640,MATH 243,A00,087427,Staff,8,0,10,2
1655631658163,MATH 248,A00,087429,Staff,9,0,10,1
1655631658687,MATH 250A,A00,087430,Spolaor; Luca,2,0,8,6
1655631659211,MATH 257A,A00,087431,Spolaor; Luca,7,0,8,1
1655631659733,MATH 258,A00,087432,Staff,8,0,10,2
1655631660272,MATH 264A,A00,087433,Warnke; Lutz Peter,0,1,8,8
1655631660798,MATH 268,A00,087434,Staff,15,0,15,0
1655631661320,MATH 269,A00,087435,Staff,14,0,15,1
1655631661851,MATH 270A,A00,087436,Nie; Jiawang,0,5,8,8
1655631662381,MATH 272A,B00,095630,Tian; Xiaochuan,0,3,0,8
1655631662905,MATH 274,A01,087439,Cheng; Li-Tien,7,0,10,3
1655631662905,MATH 274,A02,087440,Cheng; Li-Tien,10,0,10,0
1655631663429,MATH 278A,A00,087441,Staff,8,0,10,2
1655631663956,MATH 278B,A00,087442,Staff,8,0,10,2
1655631664484,MATH 278C,A00,087443,Staff,6,0,10,4
1655631665013,MATH 280A,A00,087444,Zheng; Tianyi,0,12,8,12
1655631665555,MATH 281A,A00,087445,Bradic; Jelena,0,7,8,8
1655631666086,MATH 282A,A00,087446,Zhang; Danna,0,24,8,9
1655631666610,MATH 283,A00,087447,Tesler; Glenn,0,13,0,27
1655631667134,MATH 286,C00,095734,Kemp; Todd Aahron,0,2,8,8
1655631667660,MATH 287D,B00,095536,Bradic; Jelena,0,6,8,8
1655631668182,MATH 288,A00,087450,Staff,14,0,15,1
1655631668182,MATH 288,B00,087451,Staff,14,0,15,1
1655631668182,MATH 288,C00,087452,Staff,15,0,15,0
1655631668706,MATH 290A,A00,087453,Xu; Zhouli,0,0,8,8
1655631669229,MATH 291A,A00,087454,Xu; Zhouli,4,0,8,4
1655631669755,MATH 292,A00,087455,Staff,7,0,10,3
1655631670278,MATH 295,A00,087456,Staff,49,0,50,1
1655631670801,MATH 297,001,087457,Staff,992,0,999,7
1655632242755,COGS 200,A01,087991,Staff,44,0,50,6
1655632243283,COGS 201,A01,094504,Rangel; Lara M,16,0,25,9
1655632243806,COGS 203,A00,087992,Coulson; Seana M,15,0,20,5
1655632244336,COGS 210A,001,087993,Greene; Deanna Jacquelyn,9998,0,9999,1
1655632244336,COGS 210A,002,087994,Saygin; Ayse P,9999,0,9999,0
1655632244336,COGS 210A,003,087995,Xia; Haijun,9997,0,9999,2
1655632244336,COGS 210A,004,087996,Nitz; Douglas A.,9999,0,9999,0
1655632244336,COGS 210A,005,087997,Hollan; James D.,9999,0,9999,0
1655632244336,COGS 210A,006,087998,Deak; Gedeon O.,9998,0,9999,1
1655632244336,COGS 210A,007,087999,Rossano; Federico,9999,0,9999,0
1655632244859,COGS 211A,A00,088000,Coulson; Seana M,9995,0,9999,4
1655632245385,COGS 229,A00,088002,Staff,21,0,25,4
1655632245919,COGS 260,B00,094231,Staff,18,0,20,2
1655632245919,COGS 260,A00,088004,Nitz; Douglas A.,9998,0,9999,1
1655632246447,CSE 202,A00,090110,Paturi; Ramamohan,0,65,0,0
1655632246447,CSE 202,B00,090111,Paturi; Ramamohan,0,39,0,0
1655632246972,CSE 207B,A00,090112,Heninger; Nadia A,0,15,0,0
1655632248542,CSE 210,A00,090113,Powell; Thomas Allan,0,78,0,0
1655632249069,CSE 219,A00,090898,Staff,5,0,10,5
1655632249593,CSE 221,A00,090114,Zhou; Yuan-Yuan,0,86,0,0
1655632250116,CSE 229A,A00,090115,Porter; George M,0,10,0,0
1655632250643,CSE 229C,A00,090116,Savage; Stefan,0,14,0,0
1655632251171,CSE 230,A00,090117,Jhala; Ranjit,0,71,0,0
1655632251693,CSE 232,A00,090118,Papakonstantinou; Yannis,0,78,0,0
1655632252217,CSE 239A,A00,090121,Kumar; Arun Kumar,0,8,0,0
1655632252742,CSE 239B,A00,090122,Jhala; Ranjit,0,3,0,0
1655632253266,CSE 240A,B00,095705,Zhao; Jishen,0,141,0,0
1655632253793,CSE 243A,B00,095706,Orailoglu; Alex,0,12,0,0
1655632254328,CSE 249B,B00,095707,Kahng; Andrew Byun,0,1,0,0
1655632254859,CSE 250A,A00,090126,Berg-Kirkpatrick; Taylor D,0,241,0,0
1655632255405,CSE 252A,A00,090127,Ochoa; Benjamin Lawrence,0,129,0,0
1655632255930,CSE 258,A01,090129,McAuley; Julian John,0,188,0,0
1655632256456,CSE 258R,A01,090131,McAuley; Julian John,0,86,0,0
1655632256979,CSE 260,A01,095676,Staff,0,37,0,0
1655632257504,CSE 274,A00,090132,Ramamoorthi; Ravi,0,15,0,0
1655632258031,CSE 276A,A00,090133,Christensen; Henrik I,0,107,0,0
1655632258563,CSE 276C,A00,090134,Christensen; Henrik I,0,34,0,0
1655632259092,CSE 290,A00,090135,Bafna; Vineet,0,0,0,0
1655632259092,CSE 290,B00,090136,Ramamoorthi; Ravi,0,4,0,0
1655632259092,CSE 290,C00,090137,Li; Tzumao,3,0,10,7
1655632259092,CSE 290,D00,090138,Zhou; Yuan-Yuan,5,0,10,5
1655632259092,CSE 290,E00,090139,Christensen; Henrik I,4,0,10,6
1655632259092,CSE 290,F00,094053,Shalev; Aaron D,0,2,0,0
1655632259092,CSE 290,H00,095721,Tullsen; Dean Michael,9,0,10,1
1655632259092,CSE 290,G00,095640,Orailoglu; Alex,0,1,0,0
1655632259620,CSE 291,A00,090140,Munyaka; Imani N. S.,0,8,0,0
1655632259620,CSE 291,B00,094880,Yu; Qi,0,45,0,0
1655632259620,CSE 291,C00,090142,Pannuto; Patrick William,0,8,0,0
1655632259620,CSE 291,D00,094881,Zhang; Yiying,0,34,0,0
1655632259620,CSE 291,E00,095118,Su; Hao,0,45,0,0
1655632259620,CSE 291,F00,095722,Tullsen; Dean Michael,0,9,0,0
1655632260171,CSE 293,001,094905,Bafna; Vineet,9999,0,9999,0
1655632260171,CSE 293,002,094906,Bellare; Mihir,9999,0,9999,0
1655632260171,CSE 293,003,094907,Berg-Kirkpatrick; Taylor D,9999,0,9999,0
1655632260171,CSE 293,004,094908,Christensen; Henrik I,9999,0,9999,0
1655632260171,CSE 293,005,094909,Cottrell; Garrison W,9998,0,9999,1
1655632260171,CSE 293,006,094910,Deutsch; Alin Bernard,9999,0,9999,0
1655632260171,CSE 293,007,094911,Esmaeilzadeh; Hadi,9999,0,9999,0
1655632260171,CSE 293,008,094912,Freund; Yoav,9998,0,9999,1
1655632260171,CSE 293,009,094913,Griswold; William G.,9999,0,9999,0
1655632260171,CSE 293,010,094914,Gymrek; Melissa Ann,9998,0,9999,1
1655632260171,CSE 293,011,094915,Heninger; Nadia A,9999,0,9999,0
1655632260171,CSE 293,012,094916,Impagliazzo; Russell,9999,0,9999,0
1655632260171,CSE 293,013,094917,Jhala; Ranjit,9999,0,9999,0
1655632260171,CSE 293,014,094918,Kahng; Andrew Byun,9999,0,9999,0
1655632260171,CSE 293,015,094919,Kane; Daniel Mertz,9999,0,9999,0
1655632260171,CSE 293,016,094920,Kriegman; David J,9999,0,9999,0
1655632260171,CSE 293,017,094921,Kumar; Arun Kumar,9999,0,9999,0
1655632260171,CSE 293,018,094922,Lerner; Sorin,9999,0,9999,0
1655632260171,CSE 293,019,094923,Lovett; Shachar,9999,0,9999,0
1655632260171,CSE 293,020,094924,McAuley; Julian John,9999,0,9999,0
1655632260171,CSE 293,021,094925,Micciancio; Daniele,9999,0,9999,0
1655632260171,CSE 293,022,094926,Orailoglu; Alex,9999,0,9999,0
1655632260171,CSE 293,023,094927,Paturi; Ramamohan,9999,0,9999,0
1655632260171,CSE 293,024,094928,Polikarpova; Nadezhda,9999,0,9999,0
1655632260171,CSE 293,025,094929,Politz; Joseph Gibbs,9999,0,9999,0
1655632260171,CSE 293,026,094930,Porter; George M,9999,0,9999,0
1655632260171,CSE 293,027,094931,Porter; Leonard Emerson,9999,0,9999,0
1655632260171,CSE 293,028,094932,Ramamoorthi; Ravi,9999,0,9999,0
1655632260171,CSE 293,029,094933,Sahoo; Debashis,9999,0,9999,0
1655632260171,CSE 293,030,094934,Saul; Lawrence,9999,0,9999,0
1655632260171,CSE 293,031,094935,Savage; Stefan,9999,0,9999,0
1655632260171,CSE 293,032,094936,Schulze; Jurgen P.,9999,0,9999,0
1655632260171,CSE 293,033,094937,Snoeren; Alex C.,9999,0,9999,0
1655632260171,CSE 293,034,094938,Shang; Jingbo,9999,0,9999,0
1655632260171,CSE 293,035,094939,Stefan; Deian,9999,0,9999,0
1655632260171,CSE 293,036,094940,Su; Hao,9999,0,9999,0
1655632260171,CSE 293,037,094941,Swanson; Steven James,9999,0,9999,0
1655632260171,CSE 293,038,094942,Tullsen; Dean Michael,9999,0,9999,0
1655632260171,CSE 293,039,094943,Voelker; Geoffrey M.,9999,0,9999,0
1655632260171,CSE 293,040,094944,Zhao; Jishen,9999,0,9999,0
1655632260171,CSE 293,041,094945,Zhou; Yuan-Yuan,9999,0,9999,0
1655632260171,CSE 293,042,094946,Gao; Sicun,9998,0,9999,1
1655632260171,CSE 293,043,094947,Weibel; Nadir,9999,0,9999,0
1655632260171,CSE 293,044,094948,Gupta; Rajesh K.,9999,0,9999,0
1655632260694,CSE 294,A00,090143,Porter; George M,7,0,10,3
1655632261224,DSE 200,A00,091799,Staff,50,0,50,0
1655632261750,DSE 203,A00,091800,Gupta; Amarnath,30,0,30,0
1655632262285,DSE 250,A00,091801,Deutsch; Alin Bernard,30,0,30,0
1655632262811,DSE 290,A00,091802,Altintas De Callaf; Ilkay,50,0,50,0
1655632263356,ECE 200,001,091003,Antipa; Nicholas A,9998,0,9999,1
1655632263356,ECE 200,002,091004,Atanasov; Nikolay A.,9999,0,9999,0
1655632263356,ECE 200,003,091005,Bharadia; Dinesh,9999,0,9999,0
1655632263356,ECE 200,004,091006,Cheng; Chung Kuan,9999,0,9999,0
1655632263356,ECE 200,005,091007,Cosman; Pamela C.,9998,0,9999,1
1655632263356,ECE 200,006,091008,Staff,9999,0,9999,0
1655632263356,ECE 200,007,091009,Dayeh; Shadi Ahmad,9999,0,9999,0
1655632263356,ECE 200,008,091010,Fainman; Yeshaiahu,9999,0,9999,0
1655632263356,ECE 200,009,091011,Ford; Joseph Earl,9999,0,9999,0
1655632263356,ECE 200,010,091012,Franceschetti; Massimo,9999,0,9999,0
1655632263356,ECE 200,011,091013,Fullerton; Eric E,9999,0,9999,0
1655632263356,ECE 200,012,091014,Galton; Ian A,9999,0,9999,0
1655632263356,ECE 200,013,091015,Gilja; Vikash,9999,0,9999,0
1655632263356,ECE 200,014,091016,Hall; Drew A.,9999,0,9999,0
1655632263356,ECE 200,015,091017,Hsueh; Tzu-Chien,9999,0,9999,0
1655632263356,ECE 200,016,091018,Javidi; Tara,9999,0,9999,0
1655632263356,ECE 200,017,091019,Kahng; Andrew Byun,9999,0,9999,0
1655632263356,ECE 200,018,091020,Kim; Young-Han,9999,0,9999,0
1655632263356,ECE 200,019,091021,Koushanfar; Farinaz,9999,0,9999,0
1655632263356,ECE 200,020,091022,Kuzum; Duygu,9999,0,9999,0
1655632263356,ECE 200,021,091023,Le; Hanh-Phuc,9999,0,9999,0
1655632263356,ECE 200,022,091024,Lin; Bill,9999,0,9999,0
1655632263356,ECE 200,023,091025,Liu; Zhaowei,9998,0,9999,1
1655632263356,ECE 200,024,091026,Lo; Yu-Hwa,9999,0,9999,0
1655632263356,ECE 200,025,091027,Lomakin; Vitaliy,9999,0,9999,0
1655632263356,ECE 200,026,091028,Mercier; Patrick Philip,9999,0,9999,0
1655632263356,ECE 200,027,091029,Meyer; Florian,9999,0,9999,0
1655632263356,ECE 200,028,091030,Milstein; Laurence B.,9999,0,9999,0
1655632263356,ECE 200,029,091031,Mir Arabbaygi; Siavash,9999,0,9999,0
1655632263356,ECE 200,030,091032,Mookherjea; Shayan,9999,0,9999,0
1655632263356,ECE 200,031,091033,Morris; Karcher William,9999,0,9999,0
1655632263356,ECE 200,032,091034,Ng; Tse Nga,9999,0,9999,0
1655632263356,ECE 200,033,091035,Nguyen; Truong Quang,9999,0,9999,0
1655632263356,ECE 200,034,091036,Nomura; Kenji,9999,0,9999,0
1655632263356,ECE 200,035,091037,Orlitsky; Alon,9999,0,9999,0
1655632263356,ECE 200,036,091038,Pal; Piya,9999,0,9999,0
1655632263356,ECE 200,037,091039,Papen; George C.,9999,0,9999,0
1655632263356,ECE 200,038,091040,Radic; Stojan,9999,0,9999,0
1655632263356,ECE 200,039,091041,Rao; Bhaskar D.,9999,0,9999,0
1655632263356,ECE 200,040,091042,Rao; Ramesh R,9999,0,9999,0
1655632263356,ECE 200,041,091043,Rebeiz; Gabriel,9999,0,9999,0
1655632263356,ECE 200,042,091044,Sanford; John R,9999,0,9999,0
1655632263356,ECE 200,043,091045,Siegel; Paul H.,9999,0,9999,0
1655632263356,ECE 200,044,091046,Sievenpiper; Daniel F.,9999,0,9999,0
1655632263356,ECE 200,045,091047,Sworder; David D.,9999,0,9999,0
1655632263356,ECE 200,046,091048,Taur; Yuan,9999,0,9999,0
1655632263356,ECE 200,047,091049,Touri; Behrouz,9999,0,9999,0
1655632263356,ECE 200,048,091050,Trivedi; Mohan M.,9998,0,9999,1
1655632263356,ECE 200,049,091051,Vardy; Alexander,9999,0,9999,0
1655632263356,ECE 200,050,091052,Vasconcelos; Nuno,9999,0,9999,0
1655632263356,ECE 200,051,091053,Wang; Xiaolong,9999,0,9999,0
1655632263356,ECE 200,052,091054,Xie; Pengtao,9999,0,9999,0
1655632263356,ECE 200,053,091055,Yip; Michael,9999,0,9999,0
1655632263356,ECE 200,054,091056,Zeger; Kenneth A.,9999,0,9999,0
1655632263356,ECE 200,055,091057,Zhang; Xinyu,9999,0,9999,0
1655632263356,ECE 200,056,091058,Turakhia; Yatish Girish,9999,0,9999,0
1655632263356,ECE 200,057,091059,Kang; Mingu,9999,0,9999,0
1655632263356,ECE 200,058,091060,Shi; Yuanyuan,9999,0,9999,0
1655632263356,ECE 200,059,091061,Wang; Edward Jay,9999,0,9999,0
1655632263356,ECE 200,060,091062,Zheng; Yang,9999,0,9999,0
1655632263880,ECE 201,A00,095526,Lo; Yu-Hwa,0,23,0,50
1655632264407,ECE 203,A00,091065,Mercier; Patrick Philip,0,38,0,38
1655632264931,ECE 207A,A00,091605,Liu; Thomas Tao-Ming,0,6,0,13
1655632265455,ECE 212AN,A00,091068,Nomura; Kenji,0,6,0,13
1655632265981,ECE 222A,A00,091069,Rebeiz; Gabriel,0,13,0,37
1655632266508,ECE 225A,A00,091070,Orlitsky; Alon,0,25,0,173
1655632267031,ECE 230A,A00,091071,Nomura; Kenji,0,8,0,20
1655632267555,ECE 236A,A00,091072,Dayeh; Shadi Ahmad,0,0,0,4
1655632268082,ECE 238A,A00,091073,Luo; Jian,0,0,0,0
1655632268082,ECE 238A,B00,091074,Luo; Jian,0,0,0,1
1655632268606,ECE 240A,A00,091075,Radic; Stojan,0,6,0,13
1655632269134,ECE 247A,A00,091592,Shi; Lingyan,0,10,0,3
1655632269660,ECE 250,A00,091076,Touri; Behrouz,0,15,0,65
1655632270184,ECE 251C,A00,091078,Nguyen; Truong Quang,0,30,0,56
1655632270708,ECE 253,A00,091079,Cosman; Pamela C.,0,22,0,139
1655632271231,ECE 255A,A00,091080,Orlitsky; Alon,0,35,0,39
1655632271754,ECE 257A,A00,091081,Zhang; Xinyu,0,23,0,43
1655632272281,ECE 260A,A01,091084,Eldon; John,0,14,0,115
1655632272806,ECE 264C,A00,091085,Galton; Ian A,0,2,0,38
1655632273330,ECE 265C,A00,094889,Presti; Calogero Davide,0,2,0,32
1655632273854,ECE 266,A01,091087,Hall; Drew A.,0,12,0,35
1655632274904,ECE 271A,A00,091090,Vasconcelos; Nuno,0,53,0,218
1655632275427,ECE 272B,A00,091091,Sworder; David D.,0,1,0,2
1655632275954,ECE 275A,A00,091092,Meyer; Florian,0,85,0,34
1655632276476,ECE 277,A00,091093,An; Cheolhong,0,94,0,42
1655632276999,ECE 283,A00,091094,Le; Hanh-Phuc,0,11,0,34
1655632277527,ECE 284,A00,091095,Kang; Mingu,0,56,0,35
1655632277527,ECE 284,B00,091096,Wang; Edward Jay,0,3,0,11
1655632278054,ECE 285,A00,094334,Touri; Behrouz,0,7,0,18
1655632278578,ECE 289,A00,091097,Whelan; David Arthur,0,4,0,9
1655632279101,MATH 200A,A00,087414,Salehi Golsefidy; Alireza,0,0,8,8
1655632279627,MATH 202A,A00,087415,Gill; Philip E.,0,5,8,8
1655632280158,MATH 203A,A00,087416,Oprea; Dragos N.,4,0,8,4
1655632280681,MATH 204A,A00,087417,Kedlaya; Kiran S.,1,0,8,7
1655632281204,MATH 205,A00,087418,Sorensen; Claus M,4,0,8,4
1655632281727,MATH 206A,A00,087419,Izadi; Elham,5,0,8,3
1655632282253,MATH 207A,A00,087420,Mohammadi; Amir,5,0,8,3
1655632282775,MATH 208,A00,087421,Staff,7,0,10,3
1655632283297,MATH 209,A00,087422,Staff,7,0,10,3
1655632283822,MATH 218,A00,087423,Staff,10,0,10,0
1655632284346,MATH 220A,A00,087424,Novak; Jonathan I,0,3,8,8
1655632284869,MATH 231A,A00,087425,Bejenaru; Ioan,0,0,8,8
1655632285395,MATH 240A,A00,087426,Ebenfelt; Peter F,0,0,8,9
1655632286009,MATH 243,A00,087427,Staff,8,0,10,2
1655632286531,MATH 248,A00,087429,Staff,9,0,10,1
1655632287058,MATH 250A,A00,087430,Spolaor; Luca,2,0,8,6
1655632287583,MATH 257A,A00,087431,Spolaor; Luca,7,0,8,1
1655632288109,MATH 258,A00,087432,Staff,8,0,10,2
1655632288632,MATH 264A,A00,087433,Warnke; Lutz Peter,0,1,8,8
1655632289155,MATH 268,A00,087434,Staff,15,0,15,0
1655632289680,MATH 269,A00,087435,Staff,14,0,15,1
1655632290204,MATH 270A,A00,087436,Nie; Jiawang,0,5,8,8
1655632290736,MATH 272A,B00,095630,Tian; Xiaochuan,0,3,0,8
1655632291259,MATH 274,A01,087439,Cheng; Li-Tien,7,0,10,3
1655632291259,MATH 274,A02,087440,Cheng; Li-Tien,10,0,10,0
1655632291782,MATH 278A,A00,087441,Staff,8,0,10,2
1655632292307,MATH 278B,A00,087442,Staff,8,0,10,2
1655632292830,MATH 278C,A00,087443,Staff,6,0,10,4
1655632293352,MATH 280A,A00,087444,Zheng; Tianyi,0,12,8,12
1655632293878,MATH 281A,A00,087445,Bradic; Jelena,0,7,8,8
1655632294401,MATH 282A,A00,087446,Zhang; Danna,0,24,8,9
1655632294925,MATH 283,A00,087447,Tesler; Glenn,0,13,0,27
1655632295452,MATH 286,C00,095734,Kemp; Todd Aahron,0,2,8,8
1655632295978,MATH 287D,B00,095536,Bradic; Jelena,0,6,8,8
1655632296510,MATH 288,A00,087450,Staff,14,0,15,1
1655632296510,MATH 288,B00,087451,Staff,14,0,15,1
1655632296510,MATH 288,C00,087452,Staff,15,0,15,0
1655632297036,MATH 290A,A00,087453,Xu; Zhouli,0,0,8,8
1655632297562,MATH 291A,A00,087454,Xu; Zhouli,4,0,8,4
1655632298093,MATH 292,A00,087455,Staff,7,0,10,3
1655632298616,MATH 295,A00,087456,Staff,49,0,50,1
1655632299141,MATH 297,001,087457,Staff,992,0,999,7
